Content,Video title,Video publish time,Duration,Views,Watch time (hours),Subscribers,Estimated revenue (ZAR),Impressions,Impressions click-through rate (%)
Total,,,,1553718,97923.3272,11669,24168.706,12162327,6.11
e2R4Ata3GOc,How to calculate tax,"Nov 20, 2022",787,129381,8948.612,1177,3935.516,847740,9.98
hOGcXYTCbTY,"Maths Lit - Paper 1 Nov 2020 (Q3.1 - measurement, area & volume)","Jun 29, 2021",1048,76621,6227.8365,778,1394.912,524888,6.95
necXubNmr-U,Maths Lit - Paper 1 Nov 2019 (Q1.1 - finance),"Aug 9, 2020",631,74091,3463.1778,845,1298.255,394186,8.85
zXXI2D5Fmgk,"Maths Lit - Paper 2 Nov 2019 (Q1.1 - maps, speed & distance)","Aug 13, 2020",1464,69270,6832.5597,545,1255.24,424096,8.43
WK7sucxofmE,"Maths Lit - Paper 1 Nov 2020 (Q2.3 - income, expenses & break even)","Jun 29, 2021",492,60141,3460.3078,481,1096.856,463068,7.21
Vj1nbfNH_b0,Maths Core - Paper 2 Nov 2019 (Q3 - trig graphs & interpretation),"Nov 9, 2020",461,34657,1427.1707,262,526.043,204011,10.14
8F8tZ8bedwY,Maths Lit - Paper 2 Nov 2019 (Q1.2 - volume),"Aug 16, 2020",926,34009,3098.1895,205,637.158,245634,6.81
IJT8TEJOQKg,Maths Lit - Paper 1 Nov 2022 (Q1.1. - interpretation of basic financial data),"Jun 9, 2023",428,32332,1239.9356,212,461.283,164960,8.54
eCNvLLpLYj8,Maths Lit - Paper 1 Nov 2020 (Q1.1 - graph interpretation),"Jun 29, 2021",423,25455,1145.3538,246,518.028,151180,7.24
 -jUga0wsUz4,Maths Lit - Paper 1 Nov 2020 (Q2.1 - financial statement interpretation),"Jun 29, 2021",617,23259,1458.0281,168,359.79,168281,7.07
THvuHr3CJrs,"Maths Lit - Paper 2 Nov 2017 (Q1.1 - income, expenditure & profit)","Nov 12, 2020",558,19731,900.1278,126,328.199,125337,8.2
pBRjGf9tpA8,Maths Lit - Paper 1 Nov 19 (Q2.1 - tariffs),"Aug 9, 2020",859,17575,1583.429,94,220.888,120495,6.61
WU6iUHbe_f8,Maths Lit - Paper 1 Nov 2019 (Q1.2 - finance),"Aug 9, 2020",481,17514,1020.9264,107,181.949,108972,7.33
RcX1F1gIqOo,Maths Lit - Paper 1 Nov 2018 (Q4.1 - map interpretation; scale),"Oct 10, 2020",559,17479,960.8545,121,295.975,123968,7.35
9mDGhlYldaA,"Maths Lit - Paper 2 Nov 2022 (Q3.3. - time, temperature & conversions)","Jul 25, 2023",369,17305,800.9353,71,207.155,101012,10.25
emZR9noJZoY,Maths Lit - Paper 1 Nov 2020 (Q3.2 - probability & tree diagrams),"Jun 29, 2021",236,16886,462.5117,97,266.118,113694,7.25
nlGpr-LbmG0,Maths Lit - Paper 1 Nov 2021 (Q2.1. - hire purchase & payment options),"Oct 19, 2023",666,16495,1146.038,130,290.871,117587,8
jZzQrX1ivKQ,Maths Lit - Paper 2 Nov 2019 (Q2.2 - tax),"Aug 16, 2020",592,15193,875.3106,96,108.423,98093,6.9
RafNsfGkBq4,Maths Lit - Paper 1 Nov 2019 (Q5.1 - data handling),"Aug 13, 2020",1155,14996,1146.1205,103,181.165,100762,6.6
G9ELEgKdLZI,Maths Lit - Paper 1 Nov 2020 (Q5.1 - data handling),"Jun 29, 2021",805,14372,1203.3129,110,279.547,142569,4.85
Z_y2Qdfs75w,"Maths Lit - Paper 2 Nov 2018 (Q3.2 - area, volume & percentage change)","Nov 7, 2020",939,14052,1395.5575,82,223.679,121271,5.75
hSMKCC8P4Bw,Maths Lit - Paper 2 Nov 2019 (Q2.1 - finance),"Aug 16, 2020",620,13724,875.6887,65,167.372,98285,6.81
OJ2vq0uLtrw,"Maths Lit - Paper 1 Nov 2021 (Q5.2. - box and whisker plots, range & IQR)","Oct 24, 2023",340,13377,620.3568,75,199.161,75460,11.46
IPIFsEZpMBU,Maths Lit - Paper 2 Nov 2022 (Q1.1. - time),"Jul 16, 2023",295,13322,492.1784,64,191.757,53910,8.55
G5mCQNRcFfk,Maths Lit - Paper 2 Nov 2020 (Q1.1. - data handling & ratios),"Oct 16, 2022",1003,12708,938.5746,77,232.486,71373,7.96
xa9RwrXQik8,Maths Lit - Paper 1 Nov 2019 (Q2.2 - finance),"Aug 9, 2020",1111,12225,1222.6525,71,132.808,71233,7.48
XRUgvrtbvuY,Maths Lit - Paper 2 Nov 2019 (Q1.3 - measurement & cost),"Aug 16, 2020",866,12135,1134.6516,26,128.74,77097,6.72
AbqChui43D0,"Maths Lit - Paper 2 Nov 2018 (Q1.1 - finance: discounts, interest & VAT)","Nov 3, 2020",935,11880,858.7338,76,164.148,89548,6.03
ExMT00PGhas,Maths Lit - Paper 2 Nov 2022 (Q2.1. - floor plan interpretation & use of directions),"Jul 20, 2023",468,11491,642.919,47,153.892,78913,6.41
sBi1XX4kSzY,Maths Lit - Paper 1 Nov 2019 (Q1.3 - box & whisker),"Aug 9, 2020",280,11311,455.6733,54,109.228,68110,7.12
yokvlM5-WzY,Maths Lit - Paper 1 Nov 2020 (Q1.2 - graph interpretation & ratios),"Jun 29, 2021",420,11049,651.8486,65,188.07,85202,5.57
8QTUr8bypV4,Maths LIt - Paper 1 Nov 2022 (Q2.2. - tariffs & VAT),"Jun 13, 2023",791,10810,889.3544,62,163.43,72500,7.21
sfEWXtO-WUc,Maths Lit - Paper 2 Nov 2017 (Q3.2 - area & perimeter),"Nov 14, 2020",828,10595,942.7761,51,148.631,97248,5.02
21Awr5WkCCk,Maths Lit - Paper 1 Nov 2018 (Q3.1 - area & volume),"Sep 5, 2020",433,10270,460.0504,72,121.753,63515,6.95
jYEMEcHN1Fw,Maths Lit - Paper 1 Nov 2020 (Q2.2 - tax),"Jun 29, 2021",385,10036,590.5214,63,204.461,83723,5.34
zu2O0eFJbKw,Maths Lit - Paper 1 Nov 2019 (Q3.1 - measurement),"Aug 10, 2020",449,9171,522.6942,48,101.47,54570,7.16
lif4Xn9WBBQ,"Maths Lit - Paper 2 Nov 2020 (Q2.2. - area, volume & cost)","Oct 16, 2022",829,8743,658.8217,36,149.447,62668,6.83
7ooAoPhTWos,Maths Lit - Paper 2 Nov 2019 (Q1.5 - measurement),"Sep 21, 2020",270,8591,286.9994,39,146.418,68629,5.75
7tJ08RazG1k,Maths Lit - Paper 1 Nov 2020 (Q4.1 - direction & map interpretation),"Jun 29, 2021",360,8526,414.0646,43,153.78,77810,4.89
SAJ-WeALCoI,Maths Lit - Paper 1 Nov 2020 (Q3.3 - conversions & perimeter),"Jun 29, 2021",244,8223,275.5265,31,123.274,65690,5.21
Qn4wrzGY4O0,Maths Lit - Paper 1 Nov 2022 (Q2.1. - insurance & financial statement interpretation),"Jun 9, 2023",745,8049,772.7034,50,133.928,58255,5.06
m97b_bcS1gA,Maths Lit - Paper 1 Nov 2019 (Q2.3 - finance),"Aug 9, 2020",601,7975,519.2228,24,92.094,54018,6.73
Maxth9EMaMs,Maths Core - Paper 1 Nov 2019 (Q10 - probability),"Sep 12, 2020",383,7900,297.0935,108,125.829,58520,7.57
cVkcFkoQjJ8,Maths Lit - Paper 1 Nov 2020 (Q1.3 - map interpretation),"Jun 29, 2021",301,7876,355.0792,37,122.721,70335,4.84
dJ2te6vGnxw,Maths Lit - Paper 1 Nov 2022 (Q1.2. - stokvels & interest),"Jun 9, 2023",273,7790,348.9424,32,94.852,53311,5.19
7NLlLeYCwyU,"Maths Lit - Paper 2 Nov 2022 (Q3.1. - perimeter, volume & density)","Jul 25, 2023",494,7769,510.6213,31,109.033,51650,5.82
vV8yckPf4q8,Maths Lit - Paper 2 Nov 2022 (Q1.2. + 1.3. - following a manual & mapwork),"Jul 16, 2023",424,7597,438.3374,27,88.342,46144,5.66
OyggiYzp3pI,Maths Lit - Paper 1 Nov 2017 (Q2.3. - exchange rates & interest),"Nov 2, 2022",395,6997,267.1303,41,104.149,50007,7.72
7AmJ2fQnkqE,Maths Lit - Paper 1 Nov 2019 (Q1.4 - weather & probability),"Aug 9, 2020",169,6756,190.4825,29,55.034,31593,9.04
7IVwVuojwz4,Maths Lit - Paper 1 Nov 2018 (Q2.2 - inflation),"Aug 27, 2020",372,6653,299.9339,41,95.245,50011,7.18
AELLRXd4XbA,Maths Lit - Paper 1 Nov 2022 (Q1.3. - bar graph interpretation),"Jun 9, 2023",265,6505,289.3278,22,75.651,51482,3.81
Ow5Uxad5-3o,Maths Lit - Paper 1 Nov 2018 (Q1.1 - data interpretation),"Aug 23, 2020",482,6397,293.2131,39,98.623,46002,6.41
RyjDiksahAQ,Maths Lit - Paper 1 Nov 2020 (Q4.2 - measurement),"Jun 29, 2021",397,6288,332.7326,16,96.802,66532,4.16
GQWwdeVwGxA,Maths Lit - Paper 2 Nov 2020 (Q2.1. - tariffs & using formulae),"Oct 16, 2022",1173,6280,587.224,30,99.731,49381,5.49
07wy4TGkt4E,Maths Lit - Paper 1 Nov 2020 (Q5.2 - graph interpretation),"Jun 29, 2021",500,6243,358.4687,35,101.252,68352,4.21
eYgbfKQCYNc,Maths Lit - Paper 2 Nov 2017 (Q2.2 - ratios & percentages),"Nov 14, 2020",350,6157,257.782,36,70.646,46922,6.3
j_oeQKAhiI4,Maths Lit - Paper 1 Nov 2021 (Q1.1. - exchange rates & working with dates),"Oct 19, 2023",417,6136,276.0283,33,78.948,30164,8.02
jPBQQAKA4xY,"Maths Lit - Paper 2 Nov 2020 (Q1.2. - selling price, volume & circumference)","Oct 16, 2022",652,6133,468.4965,39,105.887,35456,7.52
UEANtWtrZ6s,"Maths Lit - Paper 2 Nov 2022 (Q4.1. - construction, length & area)","Jul 25, 2023",536,6011,392.8484,26,75.186,41140,4.53
cE4bgIY-JVw,"Maths Lit - Paper 1 Nov 2021 (Q4.2. - income, expenses & break-even)","Oct 19, 2023",388,5868,237.7156,32,59.459,50370,6.7
BD681qxdIfc,Maths Lit - Paper 1 Nov 2019 (Q3.3 - measurement),"Aug 11, 2020",777,5838,507.411,12,49.953,36404,6.6
InByPRCLuj8,Maths Lit - Paper 1 Nov 2022 (Q3.1. - data handling),"Jun 13, 2023",415,5735,293.1384,28,66.848,48891,4.88
NbtN3HOxmlk,Maths Lit - Paper 1 Nov 2023 (Q1.1. - data handling & ratios),"Oct 16, 2024",569,5718,339.1267,32,86.101,23077,8.38
O3aKNfLafR4,Maths Lit - Paper 2 Nov 2017 (Q3.3 - volume),"Nov 14, 2020",535,5702,353.9258,18,80.36,47697,5.65
HhU54AIR8k0,"Maths Lit - Paper 2 Nov 2022 (Q4.2. - surface area, spread rate & measurement)","Jul 29, 2023",377,5609,266.0485,16,62.08,34347,6.24
5W5H5ZyhNkM,Maths Lit - Paper 2 Nov 2019 (Q2.4 - data handling & probability),"Aug 16, 2020",963,5539,488.841,15,46.303,39308,6.08
E_WDdUmF51Y,Maths Lit - Paper 2 Nov 2022 (Q2.2. - tree diagrams & probability),"Jul 20, 2023",246,5500,219.3661,18,63.208,46040,3.68
 -Ge7xt1VFxk,Maths Lit - Paper 1 Nov 2019 (Q4.1 - maps),"Aug 11, 2020",919,5338,510.7151,21,41.347,39004,5.73
A7WwbrLIbrQ,Maths Lit - Paper 1 Nov 2019 (Q3.2 - measurement),"Aug 10, 2020",691,5248,446.2659,21,41.834,35032,6.05
3VyVmHEmu2U,Maths Lit - Paper 2 Nov 2017 (Q1.2 - tax),"Nov 12, 2020",276,5098,161.5798,14,59.258,42714,5.04
pIpJmOiFQtU,Maths Lit - Paper 2 Nov 2021 (Q1.1. - measurements & cost),"Nov 3, 2023",391,4878,225.0758,18,62.603,23329,7.64
Z_o3Dairq3M,Maths Lit - Paper 2 Nov 2022 (Q3.2. - volume & conversions),"Jul 25, 2023",217,4831,172.9042,17,45.104,33963,4.3
ByGvguV1Kac,Maths Lit - Paper 2 Nov 2019 (Q3.1 - ratios & finance),"Aug 18, 2020",529,4818,291.2267,25,43.156,34321,6.4
nAD4eBDcj9k,Maths Lit - Paper 2 Nov 2022 (Q2.3. - map interpretation & directions),"Jul 25, 2023",224,4720,177.4386,12,43.582,38649,3.31
UvA5U7MsKaE,"Maths Lit - Paper 2 Nov 2023 (Q1.1. + 1.2 - definitions, map interpretation & distance)","Oct 30, 2024",484,4718,228.1009,11,71.062,23349,7.7
HUnjiUaKQ-s,Maths Lit - Paper 2 Nov 2019 (Q3.3 - ratios & percentages),"Aug 18, 2020",694,4686,335.6009,15,28.203,32719,6.45
By3c-S0L624,Maths Lit - Paper 2 Nov 2018 (Q4.1 - measurement & exchange rates),"Nov 7, 2020",615,4638,224.7653,19,75.833,31012,4.97
ZKzTm_0izmQ,"Maths Lit - Paper 2 Nov 2017 (Q3.1 - maps, scale & ratios)","Nov 14, 2020",597,4584,267.7747,15,50.57,43631,5.23
mMZQG-dBcmc,"Maths Lit - Paper 2 Nov 2022 (Q4.3. - income, expenses & break-even)","Jul 29, 2023",446,4542,245.2856,11,44.569,39445,4.52
Gt-1nRoVOKg,"Maths Lit - Paper 1 Nov 2022 (Q5.2. - exchange rates, interest & ratios)","Jun 25, 2023",865,4531,353.0825,24,61.428,26057,8.24
VjDpgUtVSPg,Maths Lit - Paper 2 Nov 2019 (Q2.3 - exchange rates),"Aug 16, 2020",474,4251,269.2535,15,38.557,31152,6.25
zo2iOeo1uJg,Maths Lit - Paper 1 Nov 2023 (Q3.2. - percentiles & measurement),"Oct 16, 2024",334,4078,201.0559,15,40.433,26849,8.02
8ipRl9IFSJM,"Maths Lit - Paper 2 Nov 2021 (Q2 - floor plan interpretation, probability & measurement)","Nov 3, 2023",712,4044,336.0689,15,54.414,37031,4.42
Ok710lTF-Uw,Maths Lit - Paper 1 Nov 2019 (Q1.1 - data handling),"Aug 23, 2020",672,3864,215.8301,12,55.643,28207,5.51
f2ndhpNguaU,Maths Core - Paper 1 Nov 2019 (Q11 - probability),"Sep 12, 2020",900,3839,308.4142,51,53.201,37348,5.52
XQTzcCp1chI,Maths Lit - Paper 2 Nov 2019 (Q4.1 - data handling & probability),"Aug 22, 2020",894,3832,318.9435,13,33.98,32740,5.7
b2HpNFh_LuM,"Maths Lit - Paper 2 Nov 2018 (Q3.1 - map interpretation, ratios, speed, distance & time)","Nov 7, 2020",895,3741,321.4787,16,54.178,35836,4.91
WoHRQR5QqjQ,Maths Lit - Paper 1 Nov 2022 (Q3.2. - data handling),"Jun 18, 2023",551,3704,274.6737,11,51.149,31614,3.53
CwKvMuhHxj4,Maths Lit - Paper 1 Nov 2022 (Q4.1. - tax),"Jun 18, 2023",511,3699,251.3968,12,40.771,28835,4.54
2wdWM-t0LcM,"Maths Lit - Paper 1 Nov 2023 (Q2.3. - income, expenditure & surplus/deficit)","Oct 16, 2024",696,3583,297.4051,20,60.639,27817,5.58
6Cr2PdefpH4,Maths Lit - Paper 2 Nov 2019 (Q1.4 - tariffs & cost comparison),"Sep 17, 2020",899,3569,238.5212,26,25.261,33933,5.03
YXvWvFlsNqw,Maths Core - Paper 2 Nov 2019 (Q1 - analytical geometry),"Oct 8, 2020",996,3451,215.6799,28,50.22,29861,4.85
B-fnC0x14KY,Maths Core - Paper 1 Nov 2020 (Q1 - algebra & factorization),"Oct 10, 2022",881,3397,205.4393,46,61.682,18187,6.48
KjHcGNGhRQk,"Maths Lit - Paper 1 Nov 2022 (Q4.2. - pie charts, interquartile range, inflation & probability)","Jun 23, 2023",887,3358,318.9652,8,43.257,28647,4.18
NmwvmKx7nTg,"Maths Lit - Paper 2 Nov 2022 (Q5.3. + 5.4. - ticket prices, discount, speed, distance & time)","Jul 29, 2023",564,3338,218.5834,16,38.916,16879,6.51
mjRsTUCbM58,Maths Lit - Paper 2 Nov 2019 (Q4.2 - finance and data handling),"Aug 22, 2020",543,3320,204.6647,10,26.621,27828,5.26
UejeftFir1o,Maths Core - Paper 1 Nov 2019 (Q1 - factorization),"Sep 15, 2020",1074,3316,190.2847,40,52.571,23136,5.74
QHHnGDQgCcA,"Maths Lit - Paper 2 Nov 2021 (Q1.2. + 1.3. - time, measurement & volume)","Nov 3, 2023",318,3284,144.8272,6,36.157,22574,5.2
8hOazxW9ihg,"Maths Lit - Paper 2 Nov 2017 (Q4.1 - chart reading, speed, distance & time)","Nov 14, 2020",454,3276,187.4116,12,35.997,38683,4.02
Oo3F76ZcxlU,"Maths Lit - Paper 2 Nov 2019 (Q1.2 - volume, corrected)","Aug 16, 2020",100,3259,48.6149,7,29.064,24077,6.28
_BZa2hZrbLU,Maths Lit - Paper 1 Nov 2019 (Q4.2 - maps),"Aug 11, 2020",318,3250,124.3138,10,30.653,23008,6.23
NxHDIONbhtc,Maths Core - Paper 2 Nov 2019 (Q3 - analytical geometry),"Oct 27, 2020",1316,3221,326.0877,36,33.765,31908,4.67
ihCWyRTf8gk,Maths Lit - Paper 1 Nov 2018 (Q2.1 - fees statement interpretation),"Aug 27, 2020",671,3219,221.8319,15,23.707,26221,5.26
h8NoRqQ6vVU,Maths Lit - Paper 2 Nov 2017 (Q2.1 - ratio & cost comparison),"Nov 13, 2020",438,3190,162.4419,4,25.233,33627,4.14
Dki5FDlVYeA,Maths Lit - Paper 2 Nov 2017 (Q1.4 - graph interpretation & percentages),"Nov 12, 2020",624,3067,208.0659,12,21.028,33956,3.84
QBZ5WXcUrY4,Maths Lit - Paper 1 Nov 2023 (Q3.3. - box and whisker plots & median),"Oct 16, 2024",384,3051,169.2342,18,29.83,21450,6.03
8o1wIgTTQh8,"Maths Lit - Paper 2 Nov 2021 (Q3.1. - 3.3.  - measurement, area & cost)","Nov 3, 2023",816,3028,280.2421,9,48.199,27079,4.77
wDl-vYwkqvE,Maths Lit - Paper 1 Nov 2021 (Q5.1. - tax),"Oct 24, 2023",588,2998,212.6128,17,46.075,27017,4.6
BIxRKB3mHRQ,"Maths Lit - Paper 2 Nov 2023 (Q3.1. + 3.2. - mass, volume & ratios)","Oct 30, 2024",757,2982,289.8009,9,50.514,24743,5.25
hOqluQsM1fg,Maths Lit - Paper 2 Nov 2022 (Q5.1. + 5.2. - working with an infographic & date conversions),"Jul 29, 2023",302,2971,105.7317,3,24.343,25833,3.53
kS2ZIH6eYuE,"Maths Lit - Paper 1 Nov 2023 (Q1.2. - pie charts, percentage & interpretation)","Oct 16, 2024",409,2957,188.1188,7,35.217,21646,5.22
dlsDFIzwDXs,Maths Lit - Paper 2 Nov 2019 (Q1.1-1.3 - graph drawing & interpretation),"Sep 17, 2020",811,2927,168.2515,13,35.17,21178,5.5
2EaV8_80qZk,Maths Lit - Paper 1 Nov 2021 (Q2.2. - interpreting financial contracts & VAT),"Oct 19, 2023",237,2906,97.6437,10,31.36,24573,3.45
ELnE3VeUoKY,"Maths Lit - Paper 2 Nov 2023 (Q5.3. - measurement, conversion, distance, speed & time)","Oct 30, 2024",891,2901,234.5721,10,46.177,17390,8.33
mf62A9plZbY,Maths Lit - Paper 2 Nov 2019 (Q3.4 - time),"Aug 19, 2020",193,2898,81.863,7,17.829,20124,5.41
TbwkQKbXD9w,Maths Lit - Paper 1 Nov 2023 (Q2.1.4 + 2.2. - VAT & tax),"Oct 16, 2024",463,2836,186.6695,7,33.368,20289,4.63
_mXEKonipmE,Maths Lit - Paper 2 Nov 2020 (Q3.1. - data handling & probability),"Oct 16, 2022",726,2832,217.791,10,42.771,29283,4.01
ejE7mQ4LKoc,"Maths Lit - Paper 2 Nov 2023 (Q2.1. - layout plan interpretation, scale & direction)","Oct 30, 2024",488,2770,194.244,8,34.264,21824,4.6
ZyDjyYccD-M,Maths Lit - Paper 2 Nov 2017 (Q2.3 - data handling & exchange rates),"Nov 14, 2020",850,2739,231.7667,9,19.083,32076,3.57
UB-7st1xHRA,Maths Lit - Paper 2 Nov 2023 (Q3.3. - complex surface area & spread rate),"Oct 30, 2024",894,2710,283.8694,10,45.217,24082,4.63
sreUc_WMUiU,Maths Lit - Paper 1 Nov 2023 (Q2.1.1. - 2.1.3. - financial statements & insurance),"Oct 16, 2024",400,2685,175.1894,5,26.171,20869,4.73
oOuK8o23v3Q,Maths Lit - Paper 2 Nov 2023 (Q2.2. - using space & area),"Oct 30, 2024",467,2680,208.9556,5,22.719,23784,4.05
3K4ibpf77DI,"Maths Lit - Paper 1 Nov 2017 (Q1.1. + 1.2. - definitions, profit & distance)","Nov 2, 2022",459,2653,108.0486,23,55.26,23356,5.9
OukMHwpgJUo,"Maths Lit - Paper 2 Nov 2020 (Q3.2. - mapwork, working with time & cost)","Oct 16, 2022",779,2644,215.7824,3,40.317,28748,3.72
bCNfkk_3hqc,"Maths Lit - Paper 1 Nov 2018 (Q4.2 - map interpretation, speed, distance & time)","Oct 10, 2020",442,2618,149.6403,17,30.746,24734,4.25
UoJFLGsdH2g,Maths Lit - Paper 1 Nov 2023 (Q1.3. - income & loan repayments),"Oct 16, 2024",232,2587,96.4745,5,23.749,19705,4.31
AXhd-_yW-6E,"Maths Lit - Paper 2 Nov 2021 (Q5 - map reading, cost & measurement)","Nov 4, 2023",1159,2577,223.5521,11,32.266,24757,4.88
q1NziJU7PpA,"Maths Lit - Paper 2 Nov 2023 (Q5.1. + 5.2. - surface area, mass & volume)","Oct 30, 2024",350,2575,107.9685,5,24.266,23118,5.46
GQifOvz147k,Maths Lit - Paper 2 Nov 2018 (Q1.2.1 -  surface area & cost),"Nov 4, 2020",414,2559,141.3347,7,25.282,23751,4.96
lckVOWuCVNs,Maths Lit - Paper 1 Nov 2021 (Q3.1. - interpreting & manipulating data),"Oct 19, 2023",636,2557,196.3092,19,41.498,23950,3.95
GglFe0rizkQ,Maths Lit - Paper 1 Nov 2021 (Q1.2. - graph interpretation & conversions),"Oct 19, 2023",227,2541,88.678,6,31.05,21758,4.01
bURBN7aTXo4,"Maths Lit - Paper 2 Nov 2017 (Q4.2 + 4.3 - speed, percentages & data interpretation)","Nov 14, 2020",740,2510,161.5324,4,16.868,29989,3.73
va9tKZaDjoo,"Maths Lit - Paper 2 Nov 2020 (Q4.1. - plans, exchange rates & VAT)","Oct 16, 2022",792,2489,195.3017,14,41.1,30199,3.74
RzBo3KoNwt0,"Maths Lit - Paper 2 Nov 2024 (Q1.1. +. 1.2. - definitions, measurement & volume)","Nov 1, 2025",617,2414,128.5584,9,30.316,31941,4.41
 -uOkaJW6Hp0,"Maths Lit - Paper 2 Nov 2023 (Q4.1. - ratios, area of a circle & circumference)","Oct 30, 2024",608,2396,142.5823,3,28.261,17601,4.02
S0TF-8XAdHA,"Maths Lit - Paper 1 Nov 2022 (Q5.1. - graph interpretation, percentages & range)","Jun 23, 2023",432,2394,117.7067,7,18.067,22642,3.31
tbIZZR-uNzs,Maths Lit - Paper 2 Nov 2017 (Q1.3 - compound interest),"Nov 12, 2020",220,2347,75.1549,3,17.973,24071,4.25
joBXxuz3VsA,"Maths Lit - Paper 1 Nov 2021 (Q4.1. - profit, exchange rates & ratios)","Oct 19, 2023",511,2340,143.6778,11,29.352,20948,4.27
LbsfDw3Gfno,Maths Core - Paper 2 Nov 2019 (Q12 - geometry problem solving),"Nov 14, 2020",524,2319,107.2774,7,16.759,40514,3.11
LmLFbAcbHHU,Maths Lit - Paper 1 Nov 2018 (Q1.2 - measurement & scale),"Aug 23, 2020",264,2306,87.779,11,24.734,18628,5.46
CQmChO-inps,Maths Lit - Paper 2 Nov 2023 (Q1.3. - interpreting instructions),"Oct 30, 2024",223,2278,79.3492,4,17.715,20307,3.86
hPPeDhXnky8,Maths Lit - Paper 2 Nov 2021 (Q1.4. - layout plan interpretation),"Nov 3, 2023",264,2240,91.8933,1,21.385,21234,2.92
2hUH3S7r5D4,Maths Lit - Paper 1 Nov 2018 (Q5.2 - data interpretation & probability),"Oct 11, 2020",958,2222,192.4535,13,20.763,21688,4.24
zciM2qkaKxQ,"Maths Lit - Paper 2 Nov 2018 (Q4.2 - data interpretation: IQR, mean, percentages)","Nov 7, 2020",1183,2219,215.2104,9,22.503,23186,4.05
3_y5d2HwdbE,Maths Lit - Paper 2 Nov 2019 (Q4.3 - data handling),"Aug 22, 2020",655,2148,160.4227,2,17.372,14174,6.69
Vwad0CDJvrM,Maths Core - Paper 2 Nov 2019 (Q6 - trig graphs & derivatives),"Nov 10, 2020",550,2092,148.3522,18,76.653,26433,4.04
eZ-KTNqwuZU,Maths Lit - Paper 1 Nov 2021 (Q4.3. - data handling),"Oct 24, 2023",408,2090,98.0419,8,20.862,19948,3.71
erYXyfaEOzY,"Maths Lit - Paper 1 Nov 2023 (Q4.1. - mode, working with money, median & probability)","Oct 16, 2024",574,2067,142.2926,4,24.24,17727,4.19
cp26T1iXA7I,Maths Lit - Paper 2 Nov 2019 (Q3.2 - interest),"Aug 18, 2020",385,2032,97.4652,0,15.832,16963,4.75
d65g5LrOvpo,Maths Lit - Paper 2 Nov 2018 (Q2.2 - finance calcs),"Nov 5, 2020",725,2025,139.652,8,18.828,22243,3.63
7rRMtdKxXkU,"Maths Lit - Paper 2 Nov 2021 (Q4.1. + 4.2. - layout plan interpretation, area, volume & cost)","Nov 3, 2023",708,2023,164.3476,5,24.549,23242,3.35
FyqHwSToMjI,Maths Lit - Paper 1 Nov 2019 (Q5.2 - data handling),"Aug 13, 2020",436,2015,103.1741,9,17.872,13960,6.3
dBDdnQCm4vA,"Maths Lit - Paper 2 Nov 2023 (Q2.3. - road map interpretation, probability & time)","Oct 30, 2024",433,1996,115.9972,4,16.04,19000,3.19
anJLy0NqlC8,Maths Lit - Paper 2 Nov 2021 (Q3.4. - measurement & interpretation),"Nov 3, 2023",359,1990,90.873,6,16.935,19754,3.79
00kCCRRU2E0,Maths Lit - Paper 2 Nov 2018 (Q2.1 - data handling & interpretation),"Nov 4, 2020",958,1987,167.1908,3,14.567,25098,3.48
uHSu0GD-_eo,Maths Core - Paper 2 Nov 2019 (Q2 - trig identities),"Oct 27, 2020",784,1985,160.6455,9,22.572,27941,4.31
j8tw4Ktk9dg,"Maths Lit - Paper 1 Nov 2016 (Q1.1. - interest rates, home loans & VAT)","Jun 2, 2023",1201,1971,140.6969,15,38.337,18033,5.99
vyqVQjn52EQ,Maths Core - Paper 2 Nov 2019 (Q5 - trig: graphs & identities),"Nov 10, 2020",558,1967,125.3523,9,24.118,30407,3.44
H8Vc0rdz_7c,Maths Lit - Paper 1 Nov 2018 (Q2.3 - budgeting),"Aug 27, 2020",451,1945,100.7795,8,25.692,15593,4.87
5pTMETMf6Qw,Maths Lit - Paper 2 Nov 2021 (Q4.3. - assembling a chair & following instructions),"Nov 4, 2023",597,1926,103.6063,3,21.757,23552,2.96
MOJ4ydo4bAE,Maths Core - Paper 2 Nov 2019 (Q4 - geometry),"Nov 10, 2020",903,1913,146.0401,8,22.339,38482,2.36
FFvUdEnzT40,Maths Lit - Paper 1 Nov 2021 (Q1.3. - data/survey interpretation),"Oct 19, 2023",162,1891,49.8539,3,19.484,18301,2.73
S6bffJ3DcyA,"Maths Lit - Paper 1 Nov 2023 (Q3.1. - bar graphs, percentages & probability)","Oct 16, 2024",499,1858,131.9295,5,25.024,15543,3.73
gIjqs8NzH4g,"Maths Lit - Paper 1 Nov 2023 (Q4.2. - income, expenditure & break-even graphs)","Oct 18, 2024",559,1842,139.8781,8,21.511,14551,4.23
5vOJyyrWuxk,Maths Lit - Paper 2 Nov 2019 (Q3.5 - representation of the physical world),"Aug 19, 2020",277,1834,66.4701,3,13.788,14780,4.65
WN5m5zee6Hw,Maths Lit - Paper 2 Nov 2020 (Q4.2. - graphs & inflation),"Oct 16, 2022",672,1815,122.0765,4,23.158,20539,3.66
tB0bBzR93xI,Maths Lit - Paper 1 Nov 2023 (Q5.1. - percentages & probability),"Oct 18, 2024",540,1802,124.2322,9,23.113,13528,5.23
8kgil5zXkAg,Maths Core - Paper 2 Nov 2019 (Q9a - length & area),"Nov 14, 2020",593,1799,99.9583,5,19.342,33573,2.71
boHHys_X0p0,Maths Lit - Paper 1 Nov 2016 (Q3.1. - seating plans & directions),"Jun 2, 2023",690,1746,103.3402,9,28.194,16416,6.38
5XCqBHO5Cs0,Maths Lit - Paper 2 Nov 2017 (Q1.5 - data interpretation),"Nov 12, 2020",248,1730,56.2878,4,14.031,23771,3.04
XqF8eHB5RaI,Maths Lit - Paper 1 Nov 2018 (Q1.4 - time & ratios),"Aug 25, 2020",185,1687,48.8287,1,14.206,15135,4.6
TJ6AD3oPQAA,Maths Lit - Paper 1 Nov 2017 (Q2.2. - tariffs & financial statements),"Nov 2, 2022",707,1679,113.7438,10,25.905,20120,3.87
rgrWWYP0iXo,Maths Core - Paper 2 Nov 2019 (Q5.1-5.3 - trig: identities & manipulation),"Nov 9, 2020",560,1653,116.8085,11,12.813,23414,3.42
piCY5jwaZxk,Maths Lit - Paper 1 Nov 2018 (Q5.1 - data interpretation),"Oct 11, 2020",533,1636,103.0538,7,18.863,20346,3.13
wbkeD72qgk0,Maths Core - Paper 2 Nov 2019 (Q4 - analytical geometry: circles & tangents),"Nov 9, 2020",1100,1633,154.3263,7,9.852,22041,3.62
m1AcYQ-5JDg,Maths Lit - Paper 1 Nov 2019 (Q1.2 - finance),"Aug 24, 2020",549,1627,95.9793,9,21.162,16124,5.19
rvfbEi73TfE,Maths Core - Paper 1 Nov 2019 (Q2 - finance),"Sep 19, 2020",1540,1599,181.2414,9,27.435,21197,4.28
zRNCVZwiZiQ,Maths Lit - Paper 1 Nov 2017 (Q1.3. + 1.4. - ratios & data handling),"Nov 2, 2022",495,1589,81.5134,0,20.788,17618,3.97
5PzdKBWrc1k,Maths Lit - Paper 2 Nov 2018 (Q1.2.2  + 1.3 - practical application of 1.2.1 & time),"Nov 4, 2020",186,1588,37.6068,6,13.755,18316,3.47
p79SNfrlu0Y,Maths Lit - Paper 1 Nov 2021 (Q3.2. - graph interpretation & range),"Oct 19, 2023",325,1557,66.7058,4,15.599,15465,2.86
rwMK4QTFDbA,Maths Lit - Paper 1 Nov 2023 (Q5.2. - exchange rates & conversions),"Oct 18, 2024",228,1555,54.4282,10,13.144,7379,7.81
OltPBtobGAw,"Maths Lit - Paper 1 Nov 2024 (Q1.1. - bar graphs, fractions & graph interpretation)","Sep 2, 2025",478,1517,69.3744,4,14.096,9272,6.95
5qQvp7SHJBw,Maths Core - Paper 1 Nov 2019 (Q11 - probability),"Oct 18, 2020",821,1498,109.5358,12,16.382,16511,5.08
u8OwcHdF23Y,Maths Core - Paper 1 Nov 2019 (Q1.1 - factorization),"Aug 23, 2020",1038,1497,89.0351,13,14.062,14202,4.53
C3GlaIx7cj4,Maths Lit - Paper 2 Nov 2019 (Q4.2 - volume),"Oct 4, 2020",677,1431,90.5648,9,11.303,15869,3.79
jGLGGs5KAmo,Maths Lit - Paper 1 Nov 2018 (Q3.2 - ratios & conversion),"Sep 5, 2020",357,1417,73.1001,4,14.565,15590,3.81
Ozm_-FF0w-E,Maths Core - Paper 2 Nov 2019 (Q8a - proportionality theorem),"Nov 12, 2020",597,1398,101.5321,4,14.055,25438,2.87
c7FYGJ_LReg,Maths Core - Paper 2 Nov 2019 (Q1 - statistics: regression & correlation),"Oct 7, 2020",887,1382,101.524,4,9.52,16723,3.48
tZ3kpDgRqms,"Maths Lit - Paper 2 Nov 2023 (Q4.2. - chart interpretation, BMI & probability)","Oct 30, 2024",328,1364,62.3255,1,11.76,15262,2.97
_dlEwvaUj98,Maths Core - Paper 1 Nov 2019 (Q3 - sequences & series),"Aug 24, 2020",452,1362,66.603,13,18.653,19324,3.91
JXU-ccWNnM0,Maths Core - Paper 2 Nov 2019 (Q6a-c - stats),"Nov 10, 2020",395,1347,71.4676,1,16.183,25579,2.66
E7siQ0pqvAc,Maths Lit - Paper 1 Nov 2017 (Q5.2. - working with pie charts),"Nov 3, 2022",414,1343,53.4354,14,22.682,25806,2.85
R1W8jMlLCnY,Maths Core - Paper 1 Nov 2020 (Q2 part 1 - equations & exponents),"Oct 10, 2022",340,1331,51.2629,4,17.163,17513,3.71
6BItvsHydCA,Maths Core - Paper 2 Nov 2019 (Q6d-e + Q7 - stats),"Nov 10, 2020",864,1312,108.653,1,15.005,25687,2.23
akfukxdXtL4,Maths Core - Paper 1 Nov 2019 (Q4 - functions: parabola & hyberbola),"Aug 25, 2020",1316,1293,148.0691,12,15.304,15810,4.74
BWhiA2iKrzI,Maths Lit - Paper 1 Nov 2017 (Q3.1. - perimeter & volume),"Nov 2, 2022",386,1272,54.9018,2,21.058,17150,3.21
eMhN7zMkvSE,"Maths Lit - Paper 2 Nov 2024 (Q3.2. + 3.3. - circumference, area, spread, volume & probability)","Nov 1, 2025",756,1262,108.417,6,15.121,12807,4.35
wjh-q6wTFck,Maths Core - Paper 1 Nov 2019 (Q9 part 1 - functions: cubic & hyperbola),"Oct 18, 2020",837,1237,86.9622,7,11.39,20509,3.3
UW5xsAxjuKk,Maths Lit - Paper 1 Nov 2019 (Q1.3 + 1.4 - VAT & discounts),"Aug 24, 2020",384,1231,56.5592,1,11.865,14355,3.85
P463df-lQ_Q,Maths Lit - Paper 1 Nov 2018 (Q1.3 - table interpretation),"Aug 25, 2020",113,1206,21.959,1,7.688,11898,4.15
m7YR6dqwk8U,Maths Lit - Paper 2 Nov 2024 (Q1.3. - model interpretation & measurement),"Nov 1, 2025",283,1205,38.6295,1,9.191,12393,5.37
nrOs0LFLUGQ,Maths Core - Paper 1 Nov 2020 (Q2 part 2 - finance),"Oct 10, 2022",205,1187,25.9446,3,13.776,18439,2.83
JtB6N2xeKEE,Maths Core - Paper 2 Nov 2019 (Q10.2 - a bit of everything geometry),"Nov 13, 2020",988,1180,89.7036,11,6.099,21094,2.83
D9Ugy21lQr0,Maths Core - Paper 1 Nov 2020 (Q3 - functions),"Oct 10, 2022",607,1141,81.4775,2,13.074,16138,3.33
lvnDxqiKWQg,Maths Lit - Paper 2 Nov 2019 (Q1.6 - measurement),"Sep 21, 2020",609,1118,81.4048,2,12.022,17179,2.62
6H3muPUFS6g,"Maths Lit - Paper 1 Nov 2024 (Q3.1. - graphs, percentages, probability & interpretation)","Sep 2, 2025",649,1112,72.0666,1,15.606,7175,5.23
6JmEDoeB50s,Maths Core - Paper 2 Nov 2019 (Q10 - geometry: finding angles & lengths using trig),"Nov 14, 2020",460,1111,46.2741,2,8.473,34296,1.75
Lm77lbSo6fg,Maths Core - Paper 1 Nov 2019 (Q3 - derivatives),"Sep 19, 2020",990,1111,98.4985,7,16.643,19860,3.03
tbuS-IAyhaE,"Maths Lit - Paper 2 Nov 2024 (Q5.1. + 5.2. - distance, speed, time, ratios & conversions)","Nov 1, 2025",735,1110,80.4527,1,13.675,13106,4.8
FJzHXIB-wkc,Maths Core - Paper 1 Nov 2019 (Q6 - functions),"Sep 28, 2020",709,1108,77.2469,4,11.21,18363,3.49
B9HwQVamWMc,Maths Core - Paper 2 Nov 2019 (Q2 - statistics: frequency tables & ogive graphs),"Oct 7, 2020",992,1104,120.2382,6,8.235,17771,3.37
p1OPXsOrsYc,Maths Core - Paper 1 Nov 2019 (Q4 - sequences & series),"Sep 21, 2020",1146,1100,107.1847,4,17.628,20457,2.82
3sCmYdeTUPE,Maths Core - Paper 2 Nov 2019 (Q11 - solving for x using tan chord theorem & isosceles triangles),"Nov 14, 2020",280,1098,35.6973,3,6.801,35866,1.52
zhs_RRn0A6M,Maths Lit - Paper 1 Nov 2024 (Q2.1. - tariffs & VAT),"Sep 2, 2025",442,1095,75.5862,3,10.522,9228,5.45
xVPorujbtmk,Maths Core - Paper 2 Nov 2019 (8b part 1 - isosceles triangles & similarity),"Nov 12, 2020",781,1066,87.5595,1,9.63,23054,2.58
yQzYu9_KgFI,Maths Core - Paper 2 Nov 2019 (Q5.4 - trig: reduction formula),"Nov 9, 2020",328,1041,49.0099,3,4.078,18110,2.23
SfHsSEGRtaA,Maths Lit - Paper 1 Nov 2017 (Q2.1. - chart reading & VAT),"Nov 2, 2022",399,1036,50.5121,3,13.289,15035,2.93
M1bnMPrCADY,Maths Lit - Paper 2 Nov 2019 (Q2.1 - data handling),"Sep 26, 2020",856,1035,75.0102,6,8.048,17750,2.25
9VtPy58KHd4,Maths Core - Paper 2 Nov 2019 (8b part 2 - similarity & prop theorem),"Nov 12, 2020",312,1017,30.1073,2,8.724,20824,2.42
SrllymoSyqA,Maths Core - Paper 1 Nov 2020 (Q7 part 2 - cubics),"Oct 10, 2022",243,1005,30.873,4,8.73,13486,3.71
bW4M11gsmoo,Maths Core - Paper 1 Nov 2019 (Q8 - functions & quadratic formula),"Oct 1, 2020",1313,1003,115.8076,4,10.612,17524,3.23
vwhpjy2lADQ,"Maths Lit - Paper 2 Nov 2024 (Q2.1. - map interpretation, direction, probability & scale)","Nov 1, 2025",679,997,75.6575,1,11.436,11078,4.34
5n6Z3M2uE88,Maths Lit - Paper 1 Nov 2017 (Q3.2. - area),"Nov 2, 2022",238,995,31.0469,1,12.087,16189,2.85
MT_s_wJsxmw,Maths Lit - Paper 1 Nov 2019 (Q3.2 - volume),"Aug 27, 2020",689,988,68.25,3,6.62,14049,3.35
m31-UU2eB2Y,Maths Lit - Paper 1 Nov 2024 (Q1.2.. - costing & ratios),"Sep 2, 2025",492,931,63.1533,4,23.447,8324,4.77
o9TyhxRNdBE,Maths Core - Paper 1 Nov 2019 (Q9 part 2 - functions: cubic & hyperbola),"Oct 18, 2020",599,928,49.2151,2,8.982,17911,2.58
Tof2kROdXas,Maths Lit - Paper 2 Nov 2019 (Q3.1 - conversions),"Oct 1, 2020",500,927,49.621,6,5.669,15203,2.34
Kx8rRx-vPmk,Maths Core - Paper 1 Nov 2020 (Q5 part 1 - functions),"Oct 10, 2022",444,916,50.3552,3,9.962,16640,2.61
RdsEAViY698,Maths Core - Paper 2 Nov 2019 (Q9b - geometry of circles & tangents),"Nov 14, 2020",541,915,47.8213,0,6.653,30470,1.66
QSqiBeCvk2A,"Maths Lit - Paper 1 Nov 2024 (Q5.2. +. 5.3. - exchange rates, conversions & inflation rates)","Sep 2, 2025",548,914,48.955,7,13.871,6196,8.07
5iqJgs-s1iY,Maths Lit - Paper 2 Nov 2019 (Q4.4 - exchange rates & VAT),"Oct 5, 2020",738,894,51.4056,1,4.821,11738,3.21
fMqnpLfa1xE,Maths Core - Paper 1 Nov 2019 (Q5 - quadratic series),"Sep 26, 2020",646,894,48.6902,5,10.846,19093,2.23
HQhdqHJwkQA,Maths Lit - Paper 1 Nov 2024 (Q2.3. - tax),"Sep 2, 2025",378,884,43.5113,1,8.98,6694,4.6
pZxU3liWZ8c,Maths Lit - Paper 1 Nov 2019 (Q1.5 - measurement & conversions),"Aug 24, 2020",454,881,53.5977,3,9.878,14199,2.66
ssilpAcix8A,Maths Core - Paper 1 Nov 2020 (Q10 - finance),"Oct 10, 2022",806,879,62.3816,4,15.922,16001,3.04
bIC5bGI0GLo,Maths Lit - Paper 1 Nov 2024 (Q1.3. - definitions),"Sep 2, 2025",251,872,25.2067,2,8.622,9566,3.81
30FyMLkVXHM,Maths Lit - Paper 2 Nov 2019 (Q2.3 - time zones & speed),"Sep 29, 2020",925,871,73.6156,2,7.125,14314,2.41
1Lv7fQ6xhms,Maths Core - Paper 1 Nov 2020 (Q4 - sequences),"Oct 10, 2022",578,867,55.1554,2,12.808,14972,2.47
XfgiUEB3e0c,Maths Lit - Paper 2 Nov 2019 (Q2.2 - ratios & percentages),"Sep 26, 2020",426,864,40.1766,3,4.482,14586,2.3
pLOm1qqsTWM,Maths Lit - Paper 2 Nov 2019 (Q4.1 - scale),"Oct 4, 2020",261,864,29.7092,1,5.608,13946,2.61
jbqcAglscKs,Maths Lit - Paper 1 Nov 2017 (Q4.1. - mapwork),"Nov 3, 2022",387,860,39.7735,4,10.46,16779,2.49
GChJLKLTfBc,Maths Core - Paper 1 Nov 2020 (Q8 - probability),"Oct 10, 2022",492,856,47.0407,4,10.159,12769,3.3
Uc1JUwNc8qE,Maths Core - Paper 1 Nov 2020 (Q7 part 1 - cubics),"Oct 10, 2022",261,843,29.3506,4,6.826,13487,3.04
keoItgb0oQU,"Maths Lit - Paper 1 Nov 2024 (Q2.2. - instalments, financing & VAT)","Sep 2, 2025",343,843,40.9786,1,6.455,7308,3.95
HizB4Ba_1Mc,Maths Core - Paper 1 Nov 2019 (Q10 - use of derivatives when working with volume/area),"Oct 18, 2020",363,838,37.9135,3,9.039,16413,2.94
d4DYNU3_PPo,"Maths Core - Paper 2 Nov 2019 (Q7 - geometry in a rhombus: finding angles, length & area)","Nov 10, 2020",744,836,76.0938,4,3.569,19203,1.95
oQKqcX0zmgE,Maths Lit - Paper 2 Nov 2019 (Q3.2 - graph interpretation),"Oct 2, 2020",501,829,39.4334,2,12.427,16297,2
sKgaqB_xhd4,"Maths Lit - Paper 1 Nov 2024 (Q4.1. - costing, graphing, time & formula)","Sep 2, 2025",736,829,68.9539,4,14.3,10066,3.73
4oX78DTSmpA,Maths Lit - Paper 1 Nov 2017 (Q4.2. - working with dimensions),"Nov 3, 2022",526,826,43.1895,1,12.693,16574,2.37
Bxg7sKNBuDY,Maths Lit - Paper 2 Nov 2019 (Q4.3 - probability),"Oct 5, 2020",447,824,38.9177,1,7.76,14160,2.43
HS9gfqH8QUI,Maths Core - Paper 2 Nov 2019 (Q8 - geometry: cyclic quads & similarity),"Nov 11, 2020",908,818,76.5474,5,3.692,18803,1.99
r70XlJGBwkU,Maths Core - Paper 1 Nov 2019 (Q5 - functions: exponential & log),"Aug 29, 2020",1294,812,95.2034,10,7.19,14213,2.93
vAafcfSOg_w,Maths Lit - Paper 1 Nov 2019 (Q3.1 - measurement & time),"Aug 27, 2020",698,805,52.9091,3,10.22,12995,2.92
lfbhjZZBH6Q,Maths Core - Paper 1 Nov 2019 (Q7 - function sketching & interpretation),"Sep 29, 2020",747,801,64.1353,1,10.735,17047,2.33
b9bqwBl-p54,Maths Lit - Paper 1 Nov 2017 (Q5.1. - graph reading),"Nov 3, 2022",404,783,28.8569,1,7.473,20190,1.73
EozmA8DpwUo,Maths Core - Paper 1 Nov 2020 (Q6 - calculus/differentiation),"Oct 10, 2022",372,774,29.3038,3,6.449,12647,2.43
YMk5RRFpZwI,"Maths Core - Paper 1 Nov 2019 (Q1.2 + 1.3 - simultaneous equations, factors & multiples)","Aug 23, 2020",478,774,39.1407,1,4.604,11073,3.87
BHo-iCw9a4U,Maths Core - Paper 1 Nov 2019 (Q6 - finance),"Sep 5, 2020",1319,764,94.2326,10,7.431,14008,3.06
K57ulCkmGl4,Maths Core - Paper 1 Nov 2019 (Q8 - cubic graphs),"Sep 12, 2020",1037,759,63.1388,7,11.344,12856,3.22
CXIziYJZ-vU,Maths Lit - Paper 1 Nov 2019 (Q2.1 - map interpretation),"Aug 25, 2020",351,721,28.89,2,6.176,12674,2.41
j3PPUFMKfdA,Maths Lit - Paper 2 Nov 2016 (Q3.1. - volume & conversion),"Jul 12, 2023",596,719,40.5644,5,11.704,9016,3.29
uGIiO5r-gag,Maths Core - Paper 1 Nov 2020 (Q9 - parabolas & functions application),"Oct 10, 2022",544,708,43.0967,1,8.528,15223,2.4
wYKltTDCzys,"Maths Lit - Paper 2 Nov 2024 (5.3. - probability, fractions & data interpretation)","Nov 1, 2025",390,703,27.5051,0,6.993,7363,5.47
UHlNG2U0HuA,"Maths Lit - Paper 2 Nov 2024 (Q4.1. - temperature, percentages & surface area)","Nov 1, 2025",433,697,39.5635,2,4.595,6200,5.23
WTVtpY5EVg0,Maths Lit - Paper 2 Nov 2024 (Q2.2. - map interpretation & elevation),"Nov 1, 2025",412,696,32.7027,2,4.503,6734,4.63
_3_zG5SzZMg,Maths Core - Paper 2 Nov 2019 (Q10.1 - prop theorem proof),"Nov 13, 2020",324,695,24.2026,3,2.407,18443,1.71
qnUmJ5GPTi8,"Maths Lit - Paper 1 Nov 2024 (Q5.1. - conversions, currency & pie charts)","Sep 2, 2025",696,686,50.6718,1,9.908,6892,4.63
sL_PLyBKcy0,"Maths Lit - Paper 1 Nov 2024 (Q3.2. - data analysis, box-and-whisker plots, sampling & IQR)","Sep 2, 2025",500,679,36.6052,1,7.559,7555,4.32
dMOOuovyjQE,Maths Core - Paper 1 Nov 2020 (Q11 - series),"Oct 10, 2022",626,673,39.2919,1,8.248,13761,2.79
Ua4s4AQlL3g,Maths Core - Paper 1 Nov 2020 (Q5 part 2 - functions),"Oct 10, 2022",168,665,15.0847,2,6.458,13326,1.56
ggodm_1F3ds,Maths Core - Paper 1 Nov 2020 (Q13 - maximizing volume),"Oct 10, 2022",315,660,27.1681,3,5.564,8102,4.25
7HJzPqo6A-8,Maths Lit - Paper 1 Nov 2019 (Q2.3 - direction & scale),"Aug 25, 2020",278,639,25.7803,2,5.87,11405,2.26
kYQaR5yZaqs,Maths Core - Paper 1 Nov 2019 (Q9 - derivative applications),"Sep 12, 2020",796,623,54.3388,4,4.899,12177,2.88
x3mtmRVf73Y,Maths Core - Paper 1 Nov 2019 (Q2.1 - sequences),"Aug 24, 2020",887,623,46.3993,2,2.097,10647,2.91
CTuaqYfyazs,Maths Core - Paper 1 Nov 2019 (Q7 - derivatives),"Sep 5, 2020",918,596,56.5786,5,4.722,12899,2.5
40aJknauMP0,Maths Lit - Paper 1 Nov 2019 (Q5.5 - probability & mark up),"Aug 28, 2020",371,595,25.2974,2,4.185,9143,2.79
lT276FErNJo,"Maths Lit - Paper 2 Nov 2024 (Q3.1. - time, measurement & perimeter)","Nov 1, 2025",317,588,30.155,2,4.503,4753,6.46
sBLb1KxDTOE,Maths Core - Paper 2 Nov 2019 (Q9 - geometry in a circle),"Nov 11, 2020",632,580,46.2374,1,2.497,16625,1.58
YiXOcHBDomE,Maths Core - Paper 1 Nov 2020 (Q12 - simultaneous equations & calculus),"Oct 10, 2022",348,543,21.7064,1,4.215,11366,2.38
iZdrj6iYsAs,Maths Lit - Paper 1 Nov 2019 (Q2.2 - distance),"Aug 25, 2020",314,527,22.529,1,4.438,11197,1.97
siejgvr8NbA,"Maths Lit - Paper 2 Nov 2024 (Q4.2. - costing, area & interpretation)","Nov 1, 2025",462,522,34.5381,0,3.773,5084,4.35
_5HWizLWlEM,Maths Lit - Paper 2 Nov 2016 (Q1.1. - fee structures & percentages),"Jun 25, 2023",885,513,29.1198,-1,7.836,7633,3.05
H2u_6BMFf9Q,Maths Lit - Paper 1 Nov 2019 (Q4.2 - probability),"Aug 28, 2020",122,486,9.4111,2,3.271,10202,1.96
muU0cM68xsQ,Maths Core - Paper 1 Nov 2019 (Q2.2 - series),"Aug 24, 2020",513,486,30.8736,1,2.619,10711,2.35
l_uC6EwDT4s,Maths Lit - Paper 1 Nov 2019 (Q3.3 - area),"Aug 27, 2020",159,485,11.7937,0,3.167,10465,1.8
iaeBBGcuQlU,Maths Lit - Paper 1 Nov 2019 (Q4.3 - data handling),"Aug 28, 2020",487,483,26.1003,0,2.318,11074,1.66
dCmLuBqpp24,"Maths Lit - Paper 1 Nov 2016 (Q2.2. - length, area & volume)","Jun 2, 2023",670,471,31.6557,2,6.024,7673,3
smms-gU4GZg,Maths Lit - Paper 1 Nov 2019 (Q4.1 - pie graphs),"Aug 28, 2020",387,465,19.6366,2,2.618,11011,1.77
lFiX6Eq3JFk,"Maths Lit - Paper 1 Nov 2024 (Q4.2. - probability, median & range)","Sep 2, 2025",353,460,21.898,2,3.268,5586,3.58
H5REGI1POig,Maths Lit - Paper 2 Nov 2016 (Q1.2. - data handling & percentage change),"Jul 11, 2023",479,427,14.5046,2,4.673,7573,2.11
brY6LZeg-NU,Maths Lit - Paper 2 Nov 2016 (Q4.3. - graph interpretation),"Jul 16, 2023",311,418,11.1898,4,6.199,7890,1.28
sWNb55_0EAY,Maths Lit - Paper 1 Nov 2019 (Q5.1 - scale),"Aug 28, 2020",209,417,12.7622,3,2.911,10673,1.67
oFLlrOnQP1k,"Maths Lit - Paper 1 Nov 2016 (Q1.2. - income, expenses, profit & break-even graphs)","Jun 2, 2023",731,411,31.7757,1,8.229,6294,2.81
pJelgCjXhTA,"Maths Lit - Paper 2 Nov 2016 (Q2.2. - speed, distance, time & cost)","Jul 12, 2023",996,394,34.1751,0,5.769,8025,2.07
SLn5ME4C9Pg,Maths Lit - Paper 1 Nov 2019 (Q5.2 - graph interpretation),"Aug 28, 2020",465,361,17.7977,0,1.792,10564,1.39
AqV-7VPMahM,"Maths Lit - Paper 1 Nov 2016 (Q2.1. - conversions, length & area)","Jun 2, 2023",742,357,27.6133,1,5.423,7088,2.23
p_9vhXbTa0s,Maths Lit - Paper 1 Nov 2019 (Q5.4 - advert interpretation),"Aug 28, 2020",72,274,2.7931,1,1.118,9622,1.02
1HZhx4aLBP8,"Maths Lit - Paper 2 Nov 2016 (Q4.2. - mapwork, direction & area)","Jul 16, 2023",361,264,9.1069,0,2.093,6140,1.6
6cSGlcf-sKQ,Maths Lit - Paper 1 Nov 2016 (Q3.2. - understanding an instruction booklet/model building),"Jun 6, 2023",312,264,7.9658,3,3.097,6331,1.53
SbXTl3nxIMU,Maths Lit - Paper 2 Nov 2016 (Q3.2. - statistics & data handling),"Jul 16, 2023",664,263,11.5256,2,2.424,6693,1.78
oHTj_c2B_bE,Maths Lit - Paper 1 Nov 2019 (Q5.3 - grid interpretation),"Aug 28, 2020",183,247,6.1017,0,1.904,9938,0.97
LOrOFCF3ct4,Maths Lit - Paper 1 Nov 2016 (Q4.2. - data handling),"Jun 6, 2023",618,230,13.8155,-1,2.9,6996,1.62
usTEi3Lndz8,Maths Lit - Paper 2 Nov 2016 (Q2.1. - data handling & working in billions and millions),"Jul 11, 2023",1063,225,18.586,0,3.745,6724,1.4
b1fiKrviZqs,Maths Lit - Paper 1 Nov 2016 (Q4.1. - data handling),"Jun 6, 2023",447,210,10.0027,1,2.855,5804,1.43
gvyEfnvByZU,Maths Lit - Paper 1 Nov 2016 (Q5 - exchange rates & purchasing power),"Jun 9, 2023",1019,187,15.672,0,1.649,5353,1.68
P4bmmXIlPrw,Maths Lit - Paper 2 Nov 2016 (Q4.1. - graph interpretation & measurement),"Jul 16, 2023",367,152,4.7527,0,1.628,6391,0.74
